{
  "cifar10_standard": {
    "dataset_name": "cifar10_standard",
    "final_val_accuracy": 48.64,
    "best_val_accuracy": 48.95,
    "final_val_loss": 1.8666667093204548,
    "train_losses": [
      2.1932354271411896,
      2.0139898136258125,
      1.8769096434116364,
      1.8151984959840775,
      1.6958389580249786,
      1.6573858261108398,
      1.6149091124534607,
      1.7900627702474594,
      1.9976818785071373,
      1.749484769999981,
      1.6299035176634789,
      1.546780489385128,
      1.5268155932426453,
      1.41962219029665,
      1.4101118296384811,
      1.350030966103077,
      1.3243606761097908,
      1.2739597484469414,
      1.7554788291454315,
      1.6523188799619675,
      1.5628929510712624,
      1.3240512609481812,
      1.2304584309458733,
      1.1560786068439484,
      1.0995142832398415,
      1.0828067995607853,
      1.0267143622040749,
      1.0384458601474762,
      1.00002621114254,
      0.9677376970648766,
      0.9212322235107422,
      0.9235746078193188,
      0.8854255266487598,
      1.5624765530228615,
      1.240548636764288,
      0.9870282895863056,
      0.8869633562862873,
      0.8354997560381889,
      0.8050458170473576,
      0.7430819682776928,
      0.6676494628190994,
      0.6451351679861546,
      0.6340655386447906,
      0.5693060718476772,
      0.5922736711800098,
      0.5651996042579412,
      0.5548563674092293,
      0.5329933688044548,
      0.4849483538419008,
      0.5110130049288273
    ],
    "val_losses": [
      2.3032367018204702,
      2.041778218897083,
      2.1168055051489723,
      2.2958732888668396,
      1.7823689798765545,
      1.825984316536143,
      2.153611905967133,
      2.5930001856405522,
      2.7760718834551077,
      2.0889669536035274,
      1.7288237704506404,
      1.7586255737497836,
      1.6385459266131437,
      1.6794913131979448,
      1.7504504632346238,
      1.744560280932656,
      1.947855934312072,
      1.6159068979794466,
      2.0145850679542443,
      1.7604241703130021,
      1.7048018250284316,
      1.5391834219799767,
      1.5046272941782504,
      1.5081796223604227,
      1.5781922732727438,
      1.5620449117467374,
      1.6177877896948705,
      1.6388192523883869,
      1.6092647872393644,
      1.7810269111319432,
      1.9199065120914314,
      1.6151145832448066,
      1.6910068898261348,
      2.1865800181521644,
      1.7560479686230044,
      1.5404378839685946,
      1.6564281892172898,
      1.7187377335150031,
      1.6240938162501855,
      1.7877603542955616,
      1.6270189300368103,
      1.6336245717881601,
      1.6737135603458067,
      1.6536311107345774,
      1.6952095710778539,
      1.7386640476275095,
      1.8152406864528414,
      1.7808608510826207,
      1.8177711676947679,
      1.8666667093204548
    ],
    "val_accuracies": [
      15.49,
      23.56,
      27.58,
      23.52,
      34.08,
      32.89,
      31.38,
      22.36,
      15.19,
      31.86,
      37.32,
      35.75,
      41.11,
      40.57,
      39.44,
      38.07,
      36.49,
      43.44,
      33.22,
      36.55,
      40.63,
      44.15,
      46.54,
      47.15,
      46.02,
      45.67,
      45.92,
      45.32,
      46.35,
      44.03,
      40.36,
      47.39,
      44.91,
      32.5,
      44.54,
      47.78,
      47.72,
      44.54,
      47.62,
      46.71,
      48.57,
      47.54,
      48.11,
      48.95,
      48.38,
      48.76,
      47.44,
      48.12,
      46.96,
      48.64
    ],
    "phase_transitions": [],
    "num_phase_transitions": 0,
    "selection_strategies_used": [
      "influence",
      "grad_conflict",
      "grad_mag",
      "grad_mag",
      "grad_mag",
      "grad_var",
      "hybrid",
      "diversity",
      "diversity",
      "grad_conflict",
      "grad_conflict",
      "grad_mag",
      "influence",
      "grad_conflict",
      "grad_conflict",
      "influence",
      "grad_mag",
      "forgetting",
      "diversity",
      "diversity",
      "grad_conflict",
      "influence",
      "grad_mag",
      "grad_var",
      "hybrid",
      "uncertainty",
      "grad_conflict",
      "hybrid",
      "grad_conflict",
      "grad_var",
      "hybrid",
      "hybrid",
      "grad_var",
      "diversity",
      "grad_var",
      "grad_conflict",
      "grad_var",
      "influence",
      "grad_var",
      "grad_var",
      "grad_conflict",
      "hybrid",
      "grad_mag",
      "forgetting",
      "grad_mag",
      "forgetting",
      "grad_var",
      "grad_mag",
      "forgetting",
      "influence"
    ],
    "compression_ratios": [
      0.256,
      0.256,
      0.256,
      0.256,
      0.256,
      0.256,
      0.256,
      0.256,
      0.256,
      0.256,
      0.256,
      0.256,
      0.256,
      0.256,
      0.256,
      0.256,
      0.256,
      0.256,
      0.256,
      0.256,
      0.256,
      0.256,
      0.256,
      0.256,
      0.256,
      0.256,
      0.256,
      0.256,
      0.256,
      0.256,
      0.256,
      0.256,
      0.256,
      0.256,
      0.256,
      0.256,
      0.256,
      0.256,
      0.256,
      0.256,
      0.256,
      0.256,
      0.256,
      0.256,
      0.256,
      0.256,
      0.256,
      0.256,
      0.256,
      0.256
    ],
    "training_epochs": 50,
    "coreset_budget": 1000
  },
  "cifar10_strong_aug": {
    "dataset_name": "cifar10_strong_aug",
    "final_val_accuracy": 47.28,
    "best_val_accuracy": 48.73,
    "final_val_loss": 1.5731395558465886,
    "train_losses": [
      2.2914263904094696,
      2.220663085579872,
      2.0473721846938133,
      1.9790621176362038,
      1.9377802908420563,
      1.896388091146946,
      1.837967187166214,
      1.833422563970089,
      1.8609043806791306,
      1.9167499616742134,
      1.7690314128994942,
      1.753174677491188,
      1.7177157327532768,
      1.7327712029218674,
      1.6601674184203148,
      1.6277153119444847,
      1.6281090825796127,
      1.580798827111721,
      1.568091556429863,
      1.650526151061058,
      1.5300516113638878,
      1.5091889202594757,
      1.464696854352951,
      1.4313707947731018,
      1.420197881758213,
      1.3980889096856117,
      1.3697390630841255,
      1.3586073517799377,
      1.654038943350315,
      1.5213927701115608,
      1.3762258663773537,
      1.3494839519262314,
      1.3328499719500542,
      1.3104577884078026,
      1.296135701239109,
      1.2899044379591942,
      1.2386580109596252,
      1.188128523528576,
      1.2374778091907501,
      1.2361089177429676,
      1.1941610500216484,
      1.1362302713096142,
      1.0764584504067898,
      1.085923720151186,
      1.0758046731352806,
      1.0473479330539703,
      1.0310594849288464,
      1.044052429497242,
      1.0190160274505615,
      1.0289683751761913
    ],