{
  "model": "gpt2",
  "dataset": "wikitext103_quality_stratified",
  "config": {
    "epochs": 3,
    "batch_size": 4,
    "coreset_budget": 500,
    "use_llm_hypernetwork": true
  },
  "results": {
    "best_perplexity": 3.9319663626659778,
    "final_perplexity": 4.017480172702838,
    "train_losses": [
      2.980249398827553,
      0.8304712567329406,
      0.7110830199718475
    ],
    "val_perplexities": [
      4.186389827039432,
      3.9319663626659778,
      4.017480172702838
    ]
  }
}